period,result_id,outcome_status,human_minutes
baseline,b-0001,ready_to_use,3
baseline,b-0002,ready_to_use,3
baseline,b-0003,ready_to_use,3
baseline,b-0004,ready_to_use,3
baseline,b-0005,ready_to_use,3
baseline,b-0006,ready_to_use,3
baseline,b-0007,ready_to_use,3
baseline,b-0008,ready_to_use,3
baseline,b-0009,ready_to_use,3
baseline,b-0010,ready_to_use,3
baseline,b-0011,ready_to_use,3
baseline,b-0012,ready_to_use,3
baseline,b-0013,ready_to_use,3
baseline,b-0014,ready_to_use,3
baseline,b-0015,ready_to_use,3
baseline,b-0016,ready_to_use,3
baseline,b-0017,ready_to_use,3
baseline,b-0018,ready_to_use,3
baseline,b-0019,ready_to_use,3
baseline,b-0020,ready_to_use,3
baseline,b-0021,ready_to_use,3
baseline,b-0022,ready_to_use,3
baseline,b-0023,ready_to_use,3
baseline,b-0024,ready_to_use,3
baseline,b-0025,ready_to_use,3
baseline,b-0026,ready_to_use,3
baseline,b-0027,ready_to_use,3
baseline,b-0028,ready_to_use,3
baseline,b-0029,ready_to_use,3
baseline,b-0030,ready_to_use,3
baseline,b-0031,ready_to_use,3
baseline,b-0032,ready_to_use,3
baseline,b-0033,ready_to_use,3
baseline,b-0034,ready_to_use,3
baseline,b-0035,ready_to_use,3
baseline,b-0036,ready_to_use,3
baseline,b-0037,ready_to_use,3
baseline,b-0038,ready_to_use,3
baseline,b-0039,ready_to_use,3
baseline,b-0040,ready_to_use,3
baseline,b-0041,ready_to_use,3
baseline,b-0042,ready_to_use,3
baseline,b-0043,ready_to_use,3
baseline,b-0044,ready_to_use,3
baseline,b-0045,ready_to_use,3
baseline,b-0046,ready_to_use,3
baseline,b-0047,ready_to_use,3
baseline,b-0048,ready_to_use,3
baseline,b-0049,ready_to_use,3
baseline,b-0050,ready_to_use,3
baseline,b-0051,ready_to_use,3
baseline,b-0052,ready_to_use,3
baseline,b-0053,ready_to_use,3
baseline,b-0054,ready_to_use,3
baseline,b-0055,ready_to_use,3
baseline,b-0056,ready_to_use,3
baseline,b-0057,ready_to_use,3
baseline,b-0058,ready_to_use,3
baseline,b-0059,ready_to_use,3
baseline,b-0060,ready_to_use,3
baseline,b-0061,ready_to_use,3
baseline,b-0062,ready_to_use,3
baseline,b-0063,ready_to_use,3
baseline,b-0064,ready_to_use,3
baseline,b-0065,ready_to_use,3
baseline,b-0066,ready_to_use,3
baseline,b-0067,ready_to_use,3
baseline,b-0068,ready_to_use,3
baseline,b-0069,ready_to_use,3
baseline,b-0070,ready_to_use,3
baseline,b-0071,ready_to_use,3
baseline,b-0072,ready_to_use,3
baseline,b-0073,ready_to_use,3
baseline,b-0074,ready_to_use,3
baseline,b-0075,ready_to_use,3
baseline,b-0076,ready_to_use,3
baseline,b-0077,ready_to_use,3
baseline,b-0078,ready_to_use,3
baseline,b-0079,ready_to_use,3
baseline,b-0080,ready_to_use,3
baseline,b-0081,ready_to_use,3
baseline,b-0082,ready_to_use,3
baseline,b-0083,ready_to_use,3
baseline,b-0084,ready_to_use,3
baseline,b-0085,ready_to_use,3
baseline,b-0086,ready_to_use,3
baseline,b-0087,ready_to_use,3
baseline,b-0088,ready_to_use,3
baseline,b-0089,ready_to_use,3
baseline,b-0090,ready_to_use,3
baseline,b-0091,ready_to_use,3
baseline,b-0092,ready_to_use,3
baseline,b-0093,ready_to_use,3
baseline,b-0094,ready_to_use,3
baseline,b-0095,ready_to_use,3
baseline,b-0096,ready_to_use,3
baseline,b-0097,ready_to_use,3
baseline,b-0098,ready_to_use,3
baseline,b-0099,ready_to_use,3
baseline,b-0100,ready_to_use,3
baseline,b-0101,ready_to_use,3
baseline,b-0102,ready_to_use,3
baseline,b-0103,ready_to_use,3
baseline,b-0104,ready_to_use,3
baseline,b-0105,ready_to_use,3
baseline,b-0106,ready_to_use,3
baseline,b-0107,ready_to_use,3
baseline,b-0108,ready_to_use,3
baseline,b-0109,ready_to_use,3
baseline,b-0110,ready_to_use,3
baseline,b-0111,ready_to_use,3
baseline,b-0112,ready_to_use,3
baseline,b-0113,ready_to_use,3
baseline,b-0114,ready_to_use,3
baseline,b-0115,ready_to_use,3
baseline,b-0116,ready_to_use,3
baseline,b-0117,ready_to_use,3
baseline,b-0118,ready_to_use,3
baseline,b-0119,ready_to_use,3
baseline,b-0120,ready_to_use,3
baseline,b-0121,ready_to_use,3
baseline,b-0122,ready_to_use,3
baseline,b-0123,ready_to_use,3
baseline,b-0124,ready_to_use,3
baseline,b-0125,ready_to_use,3
baseline,b-0126,ready_to_use,3
baseline,b-0127,ready_to_use,3
baseline,b-0128,ready_to_use,3
baseline,b-0129,ready_to_use,3
baseline,b-0130,ready_to_use,3
baseline,b-0131,ready_to_use,3
baseline,b-0132,ready_to_use,3
baseline,b-0133,ready_to_use,3
baseline,b-0134,ready_to_use,3
baseline,b-0135,ready_to_use,3
baseline,b-0136,ready_to_use,3
baseline,b-0137,ready_to_use,3
baseline,b-0138,ready_to_use,3
baseline,b-0139,ready_to_use,3
baseline,b-0140,ready_to_use,3
baseline,b-0141,ready_to_use,3
baseline,b-0142,ready_to_use,3
baseline,b-0143,ready_to_use,3
baseline,b-0144,ready_to_use,3
baseline,b-0145,ready_to_use,3
baseline,b-0146,ready_to_use,3
baseline,b-0147,ready_to_use,3
baseline,b-0148,ready_to_use,3
baseline,b-0149,ready_to_use,3
baseline,b-0150,ready_to_use,3
baseline,b-0151,ready_to_use,3
baseline,b-0152,ready_to_use,3
baseline,b-0153,ready_to_use,3
baseline,b-0154,ready_to_use,3
baseline,b-0155,ready_to_use,3
baseline,b-0156,ready_to_use,3
baseline,b-0157,ready_to_use,3
baseline,b-0158,ready_to_use,3
baseline,b-0159,ready_to_use,3
baseline,b-0160,ready_to_use,3
baseline,b-0161,ready_to_use,3
baseline,b-0162,ready_to_use,3
baseline,b-0163,ready_to_use,3
baseline,b-0164,ready_to_use,3
baseline,b-0165,ready_to_use,3
baseline,b-0166,ready_to_use,3
baseline,b-0167,ready_to_use,3
baseline,b-0168,ready_to_use,3
baseline,b-0169,ready_to_use,3
baseline,b-0170,ready_to_use,3
baseline,b-0171,ready_to_use,3
baseline,b-0172,ready_to_use,3
baseline,b-0173,ready_to_use,3
baseline,b-0174,ready_to_use,3
baseline,b-0175,ready_to_use,3
baseline,b-0176,ready_to_use,3
baseline,b-0177,ready_to_use,3
baseline,b-0178,ready_to_use,3
baseline,b-0179,ready_to_use,3
baseline,b-0180,ready_to_use,3
baseline,b-0181,ready_to_use,3
baseline,b-0182,ready_to_use,3
baseline,b-0183,ready_to_use,3
baseline,b-0184,ready_to_use,3
baseline,b-0185,ready_to_use,3
baseline,b-0186,ready_to_use,3
baseline,b-0187,ready_to_use,3
baseline,b-0188,ready_to_use,3
baseline,b-0189,ready_to_use,3
baseline,b-0190,ready_to_use,3
baseline,b-0191,ready_to_use,3
baseline,b-0192,ready_to_use,3
baseline,b-0193,ready_to_use,3
baseline,b-0194,ready_to_use,3
baseline,b-0195,ready_to_use,3
baseline,b-0196,ready_to_use,3
baseline,b-0197,ready_to_use,3
baseline,b-0198,ready_to_use,3
baseline,b-0199,ready_to_use,3
baseline,b-0200,ready_to_use,3
baseline,b-0201,ready_to_use,3
baseline,b-0202,ready_to_use,3
baseline,b-0203,ready_to_use,3
baseline,b-0204,ready_to_use,3
baseline,b-0205,ready_to_use,3
baseline,b-0206,ready_to_use,3
baseline,b-0207,ready_to_use,3
baseline,b-0208,ready_to_use,3
baseline,b-0209,ready_to_use,3
baseline,b-0210,ready_to_use,3
baseline,b-0211,ready_to_use,3
baseline,b-0212,ready_to_use,3
baseline,b-0213,ready_to_use,3
baseline,b-0214,ready_to_use,3
baseline,b-0215,ready_to_use,3
baseline,b-0216,ready_to_use,3
baseline,b-0217,ready_to_use,3
baseline,b-0218,ready_to_use,3
baseline,b-0219,ready_to_use,3
baseline,b-0220,ready_to_use,3
baseline,b-0221,ready_to_use,3
baseline,b-0222,ready_to_use,3
baseline,b-0223,ready_to_use,3
baseline,b-0224,ready_to_use,3
baseline,b-0225,ready_to_use,3
baseline,b-0226,ready_to_use,3
baseline,b-0227,ready_to_use,3
baseline,b-0228,ready_to_use,3
baseline,b-0229,ready_to_use,3
baseline,b-0230,ready_to_use,3
baseline,b-0231,ready_to_use,3
baseline,b-0232,ready_to_use,3
baseline,b-0233,ready_to_use,3
baseline,b-0234,ready_to_use,3
baseline,b-0235,ready_to_use,3
baseline,b-0236,ready_to_use,3
baseline,b-0237,ready_to_use,3
baseline,b-0238,ready_to_use,3
baseline,b-0239,ready_to_use,3
baseline,b-0240,ready_to_use,3
baseline,b-0241,ready_to_use,3
baseline,b-0242,ready_to_use,3
baseline,b-0243,ready_to_use,3
baseline,b-0244,ready_to_use,3
baseline,b-0245,ready_to_use,3
baseline,b-0246,ready_to_use,3
baseline,b-0247,ready_to_use,3
baseline,b-0248,ready_to_use,3
baseline,b-0249,ready_to_use,3
baseline,b-0250,ready_to_use,3
baseline,b-0251,ready_to_use,3
baseline,b-0252,ready_to_use,3
baseline,b-0253,ready_to_use,3
baseline,b-0254,ready_to_use,3
baseline,b-0255,ready_to_use,3
baseline,b-0256,ready_to_use,3
baseline,b-0257,ready_to_use,3
baseline,b-0258,ready_to_use,3
baseline,b-0259,ready_to_use,3
baseline,b-0260,ready_to_use,3
baseline,b-0261,ready_to_use,3
baseline,b-0262,ready_to_use,3
baseline,b-0263,ready_to_use,3
baseline,b-0264,ready_to_use,3
baseline,b-0265,ready_to_use,3
baseline,b-0266,ready_to_use,3
baseline,b-0267,ready_to_use,3
baseline,b-0268,ready_to_use,3
baseline,b-0269,ready_to_use,3
baseline,b-0270,ready_to_use,3
baseline,b-0271,ready_to_use,3
baseline,b-0272,ready_to_use,3
baseline,b-0273,ready_to_use,3
baseline,b-0274,ready_to_use,3
baseline,b-0275,ready_to_use,3
baseline,b-0276,ready_to_use,3
baseline,b-0277,ready_to_use,3
baseline,b-0278,ready_to_use,3
baseline,b-0279,ready_to_use,3
baseline,b-0280,ready_to_use,3
baseline,b-0281,ready_to_use,3
baseline,b-0282,ready_to_use,3
baseline,b-0283,ready_to_use,3
baseline,b-0284,ready_to_use,3
baseline,b-0285,ready_to_use,3
baseline,b-0286,ready_to_use,3
baseline,b-0287,ready_to_use,3
baseline,b-0288,ready_to_use,3
baseline,b-0289,ready_to_use,3
baseline,b-0290,ready_to_use,3
baseline,b-0291,ready_to_use,3
baseline,b-0292,ready_to_use,3
baseline,b-0293,ready_to_use,3
baseline,b-0294,ready_to_use,3
baseline,b-0295,ready_to_use,3
baseline,b-0296,ready_to_use,3
baseline,b-0297,ready_to_use,3
baseline,b-0298,ready_to_use,3
baseline,b-0299,ready_to_use,3
baseline,b-0300,ready_to_use,3
baseline,b-0301,ready_to_use,3
baseline,b-0302,ready_to_use,3
baseline,b-0303,ready_to_use,3
baseline,b-0304,ready_to_use,3
baseline,b-0305,ready_to_use,3
baseline,b-0306,ready_to_use,3
baseline,b-0307,ready_to_use,3
baseline,b-0308,ready_to_use,3
baseline,b-0309,ready_to_use,3
baseline,b-0310,ready_to_use,3
baseline,b-0311,ready_to_use,3
baseline,b-0312,ready_to_use,3
baseline,b-0313,ready_to_use,3
baseline,b-0314,ready_to_use,3
baseline,b-0315,ready_to_use,3
baseline,b-0316,ready_to_use,3
baseline,b-0317,ready_to_use,3
baseline,b-0318,ready_to_use,3
baseline,b-0319,ready_to_use,3
baseline,b-0320,ready_to_use,3
baseline,b-0321,ready_to_use,3
baseline,b-0322,ready_to_use,3
baseline,b-0323,ready_to_use,3
baseline,b-0324,ready_to_use,3
baseline,b-0325,ready_to_use,3
baseline,b-0326,ready_to_use,3
baseline,b-0327,ready_to_use,3
baseline,b-0328,ready_to_use,3
baseline,b-0329,ready_to_use,3
baseline,b-0330,ready_to_use,3
baseline,b-0331,ready_to_use,3
baseline,b-0332,ready_to_use,3
baseline,b-0333,ready_to_use,3
baseline,b-0334,ready_to_use,3
baseline,b-0335,ready_to_use,3
baseline,b-0336,ready_to_use,3
baseline,b-0337,ready_to_use,3
baseline,b-0338,ready_to_use,3
baseline,b-0339,ready_to_use,3
baseline,b-0340,ready_to_use,3
baseline,b-0341,ready_to_use,3
baseline,b-0342,ready_to_use,3
baseline,b-0343,ready_to_use,3
baseline,b-0344,ready_to_use,3
baseline,b-0345,ready_to_use,3
baseline,b-0346,ready_to_use,3
baseline,b-0347,ready_to_use,3
baseline,b-0348,ready_to_use,3
baseline,b-0349,ready_to_use,3
baseline,b-0350,ready_to_use,3
baseline,b-0351,ready_to_use,3
baseline,b-0352,ready_to_use,3
baseline,b-0353,ready_to_use,3
baseline,b-0354,ready_to_use,3
baseline,b-0355,ready_to_use,3
baseline,b-0356,ready_to_use,3
baseline,b-0357,ready_to_use,3
baseline,b-0358,ready_to_use,3
baseline,b-0359,ready_to_use,3
baseline,b-0360,ready_to_use,3
baseline,b-0361,ready_to_use,3
baseline,b-0362,ready_to_use,3
baseline,b-0363,ready_to_use,3
baseline,b-0364,ready_to_use,3
baseline,b-0365,ready_to_use,3
baseline,b-0366,ready_to_use,3
baseline,b-0367,ready_to_use,3
baseline,b-0368,ready_to_use,3
baseline,b-0369,ready_to_use,3
baseline,b-0370,ready_to_use,3
baseline,b-0371,ready_to_use,3
baseline,b-0372,ready_to_use,3
baseline,b-0373,ready_to_use,3
baseline,b-0374,ready_to_use,3
baseline,b-0375,ready_to_use,3
baseline,b-0376,ready_to_use,3
baseline,b-0377,ready_to_use,3
baseline,b-0378,ready_to_use,3
baseline,b-0379,ready_to_use,3
baseline,b-0380,ready_to_use,3
baseline,b-0381,ready_to_use,3
baseline,b-0382,ready_to_use,3
baseline,b-0383,ready_to_use,3
baseline,b-0384,ready_to_use,3
baseline,b-0385,ready_to_use,3
baseline,b-0386,ready_to_use,3
baseline,b-0387,ready_to_use,3
baseline,b-0388,ready_to_use,3
baseline,b-0389,ready_to_use,3
baseline,b-0390,ready_to_use,3
baseline,b-0391,ready_to_use,3
baseline,b-0392,ready_to_use,3
baseline,b-0393,ready_to_use,3
baseline,b-0394,ready_to_use,3
baseline,b-0395,ready_to_use,3
baseline,b-0396,ready_to_use,3
baseline,b-0397,ready_to_use,3
baseline,b-0398,ready_to_use,3
baseline,b-0399,ready_to_use,3
baseline,b-0400,ready_to_use,3
baseline,b-0401,ready_to_use,3
baseline,b-0402,ready_to_use,3
baseline,b-0403,ready_to_use,3
baseline,b-0404,ready_to_use,3
baseline,b-0405,ready_to_use,3
baseline,b-0406,ready_to_use,3
baseline,b-0407,ready_to_use,3
baseline,b-0408,ready_to_use,3
baseline,b-0409,ready_to_use,3
baseline,b-0410,ready_to_use,3
baseline,b-0411,ready_to_use,3
baseline,b-0412,ready_to_use,3
baseline,b-0413,ready_to_use,3
baseline,b-0414,ready_to_use,3
baseline,b-0415,ready_to_use,3
baseline,b-0416,ready_to_use,3
baseline,b-0417,ready_to_use,3
baseline,b-0418,ready_to_use,3
baseline,b-0419,ready_to_use,3
baseline,b-0420,ready_to_use,3
baseline,b-0421,ready_to_use,3
baseline,b-0422,ready_to_use,3
baseline,b-0423,ready_to_use,3
baseline,b-0424,ready_to_use,3
baseline,b-0425,ready_to_use,3
baseline,b-0426,ready_to_use,3
baseline,b-0427,ready_to_use,3
baseline,b-0428,ready_to_use,3
baseline,b-0429,ready_to_use,3
baseline,b-0430,ready_to_use,3
baseline,b-0431,ready_to_use,3
baseline,b-0432,ready_to_use,3
baseline,b-0433,ready_to_use,3
baseline,b-0434,ready_to_use,3
baseline,b-0435,ready_to_use,3
baseline,b-0436,ready_to_use,3
baseline,b-0437,ready_to_use,3
baseline,b-0438,ready_to_use,3
baseline,b-0439,ready_to_use,3
baseline,b-0440,ready_to_use,3
baseline,b-0441,ready_to_use,3
baseline,b-0442,ready_to_use,3
baseline,b-0443,ready_to_use,3
baseline,b-0444,ready_to_use,3
baseline,b-0445,ready_to_use,3
baseline,b-0446,ready_to_use,3
baseline,b-0447,ready_to_use,3
baseline,b-0448,ready_to_use,3
baseline,b-0449,ready_to_use,3
baseline,b-0450,ready_to_use,3
baseline,b-0451,ready_to_use,3
baseline,b-0452,ready_to_use,3
baseline,b-0453,ready_to_use,3
baseline,b-0454,ready_to_use,3
baseline,b-0455,ready_to_use,3
baseline,b-0456,ready_to_use,3
baseline,b-0457,ready_to_use,3
baseline,b-0458,ready_to_use,3
baseline,b-0459,ready_to_use,3
baseline,b-0460,ready_to_use,3
baseline,b-0461,ready_to_use,3
baseline,b-0462,ready_to_use,3
baseline,b-0463,ready_to_use,3
baseline,b-0464,ready_to_use,3
baseline,b-0465,ready_to_use,3
baseline,b-0466,ready_to_use,3
baseline,b-0467,ready_to_use,3
baseline,b-0468,ready_to_use,3
baseline,b-0469,ready_to_use,3
baseline,b-0470,ready_to_use,3
baseline,b-0471,ready_to_use,3
baseline,b-0472,ready_to_use,3
baseline,b-0473,ready_to_use,3
baseline,b-0474,ready_to_use,3
baseline,b-0475,ready_to_use,3
baseline,b-0476,ready_to_use,3
baseline,b-0477,ready_to_use,3
baseline,b-0478,ready_to_use,3
baseline,b-0479,ready_to_use,3
baseline,b-0480,ready_to_use,3
baseline,b-0481,ready_to_use,3
baseline,b-0482,ready_to_use,3
baseline,b-0483,ready_to_use,3
baseline,b-0484,ready_to_use,3
baseline,b-0485,ready_to_use,3
baseline,b-0486,ready_to_use,3
baseline,b-0487,ready_to_use,3
baseline,b-0488,ready_to_use,3
baseline,b-0489,ready_to_use,3
baseline,b-0490,ready_to_use,3
baseline,b-0491,ready_to_use,3
baseline,b-0492,ready_to_use,3
baseline,b-0493,ready_to_use,3
baseline,b-0494,ready_to_use,3
baseline,b-0495,ready_to_use,3
baseline,b-0496,ready_to_use,3
baseline,b-0497,ready_to_use,3
baseline,b-0498,ready_to_use,3
baseline,b-0499,ready_to_use,3
baseline,b-0500,ready_to_use,3
baseline,b-0501,ready_to_use,3
baseline,b-0502,ready_to_use,3
baseline,b-0503,ready_to_use,3
baseline,b-0504,ready_to_use,3
baseline,b-0505,ready_to_use,3
baseline,b-0506,ready_to_use,3
baseline,b-0507,ready_to_use,3
baseline,b-0508,ready_to_use,3
baseline,b-0509,ready_to_use,3
baseline,b-0510,ready_to_use,3
baseline,b-0511,ready_to_use,3
baseline,b-0512,ready_to_use,3
baseline,b-0513,ready_to_use,3
baseline,b-0514,ready_to_use,3
baseline,b-0515,ready_to_use,3
baseline,b-0516,ready_to_use,3
baseline,b-0517,ready_to_use,3
baseline,b-0518,ready_to_use,3
baseline,b-0519,ready_to_use,3
baseline,b-0520,ready_to_use,3
baseline,b-0521,ready_to_use,3
baseline,b-0522,ready_to_use,3
baseline,b-0523,ready_to_use,3
baseline,b-0524,ready_to_use,3
baseline,b-0525,ready_to_use,3
baseline,b-0526,ready_to_use,3
baseline,b-0527,ready_to_use,3
baseline,b-0528,ready_to_use,3
baseline,b-0529,ready_to_use,3
baseline,b-0530,ready_to_use,3
baseline,b-0531,ready_to_use,3
baseline,b-0532,ready_to_use,3
baseline,b-0533,ready_to_use,3
baseline,b-0534,ready_to_use,3
baseline,b-0535,ready_to_use,3
baseline,b-0536,ready_to_use,3
baseline,b-0537,ready_to_use,3
baseline,b-0538,ready_to_use,3
baseline,b-0539,ready_to_use,3
baseline,b-0540,ready_to_use,3
baseline,b-0541,ready_to_use,3
baseline,b-0542,ready_to_use,3
baseline,b-0543,ready_to_use,3
baseline,b-0544,ready_to_use,3
baseline,b-0545,ready_to_use,3
baseline,b-0546,ready_to_use,3
baseline,b-0547,ready_to_use,3
baseline,b-0548,ready_to_use,3
baseline,b-0549,ready_to_use,3
baseline,b-0550,ready_to_use,3
baseline,b-0551,ready_to_use,3
baseline,b-0552,ready_to_use,3
baseline,b-0553,ready_to_use,3
baseline,b-0554,ready_to_use,3
baseline,b-0555,ready_to_use,3
baseline,b-0556,ready_to_use,3
baseline,b-0557,ready_to_use,3
baseline,b-0558,ready_to_use,3
baseline,b-0559,ready_to_use,3
baseline,b-0560,ready_to_use,3
baseline,b-0561,ready_to_use,3
baseline,b-0562,ready_to_use,3
baseline,b-0563,ready_to_use,3
baseline,b-0564,ready_to_use,3
baseline,b-0565,ready_to_use,3
baseline,b-0566,ready_to_use,3
baseline,b-0567,ready_to_use,3
baseline,b-0568,ready_to_use,3
baseline,b-0569,ready_to_use,3
baseline,b-0570,ready_to_use,3
baseline,b-0571,ready_to_use,3
baseline,b-0572,ready_to_use,3
baseline,b-0573,ready_to_use,3
baseline,b-0574,ready_to_use,3
baseline,b-0575,ready_to_use,3
baseline,b-0576,ready_to_use,3
baseline,b-0577,ready_to_use,3
baseline,b-0578,ready_to_use,3
baseline,b-0579,ready_to_use,3
baseline,b-0580,ready_to_use,3
baseline,b-0581,ready_to_use,3
baseline,b-0582,ready_to_use,3
baseline,b-0583,ready_to_use,3
baseline,b-0584,ready_to_use,3
baseline,b-0585,ready_to_use,3
baseline,b-0586,ready_to_use,3
baseline,b-0587,ready_to_use,3
baseline,b-0588,ready_to_use,3
baseline,b-0589,ready_to_use,3
baseline,b-0590,ready_to_use,3
baseline,b-0591,ready_to_use,3
baseline,b-0592,ready_to_use,3
baseline,b-0593,ready_to_use,3
baseline,b-0594,ready_to_use,3
baseline,b-0595,ready_to_use,3
baseline,b-0596,ready_to_use,3
baseline,b-0597,ready_to_use,3
baseline,b-0598,ready_to_use,3
baseline,b-0599,ready_to_use,3
baseline,b-0600,ready_to_use,3
baseline,b-0601,ready_to_use,3
baseline,b-0602,ready_to_use,3
baseline,b-0603,ready_to_use,3
baseline,b-0604,ready_to_use,3
baseline,b-0605,ready_to_use,3
baseline,b-0606,ready_to_use,3
baseline,b-0607,ready_to_use,3
baseline,b-0608,ready_to_use,3
baseline,b-0609,ready_to_use,3
baseline,b-0610,ready_to_use,3
baseline,b-0611,ready_to_use,3
baseline,b-0612,ready_to_use,3
baseline,b-0613,ready_to_use,3
baseline,b-0614,ready_to_use,3
baseline,b-0615,ready_to_use,3
baseline,b-0616,ready_to_use,3
baseline,b-0617,ready_to_use,3
baseline,b-0618,ready_to_use,3
baseline,b-0619,ready_to_use,3
baseline,b-0620,ready_to_use,3
baseline,b-0621,ready_to_use,3
baseline,b-0622,ready_to_use,3
baseline,b-0623,ready_to_use,3
baseline,b-0624,ready_to_use,3
baseline,b-0625,ready_to_use,3
baseline,b-0626,ready_to_use,3
baseline,b-0627,ready_to_use,3
baseline,b-0628,ready_to_use,3
baseline,b-0629,ready_to_use,3
baseline,b-0630,ready_to_use,3
baseline,b-0631,ready_to_use,3
baseline,b-0632,ready_to_use,3
baseline,b-0633,ready_to_use,3
baseline,b-0634,ready_to_use,3
baseline,b-0635,ready_to_use,3
baseline,b-0636,ready_to_use,3
baseline,b-0637,ready_to_use,3
baseline,b-0638,ready_to_use,3
baseline,b-0639,ready_to_use,3
baseline,b-0640,ready_to_use,3
baseline,b-0641,ready_to_use,3
baseline,b-0642,ready_to_use,3
baseline,b-0643,ready_to_use,3
baseline,b-0644,ready_to_use,3
baseline,b-0645,ready_to_use,3
baseline,b-0646,ready_to_use,3
baseline,b-0647,ready_to_use,3
baseline,b-0648,ready_to_use,3
baseline,b-0649,ready_to_use,3
baseline,b-0650,ready_to_use,3
baseline,b-0651,ready_to_use,3
baseline,b-0652,ready_to_use,3
baseline,b-0653,ready_to_use,3
baseline,b-0654,ready_to_use,3
baseline,b-0655,ready_to_use,3
baseline,b-0656,ready_to_use,3
baseline,b-0657,ready_to_use,3
baseline,b-0658,ready_to_use,3
baseline,b-0659,ready_to_use,3
baseline,b-0660,ready_to_use,3
baseline,b-0661,ready_to_use,3
baseline,b-0662,ready_to_use,3
baseline,b-0663,ready_to_use,3
baseline,b-0664,ready_to_use,3
baseline,b-0665,ready_to_use,3
baseline,b-0666,ready_to_use,3
baseline,b-0667,ready_to_use,3
baseline,b-0668,ready_to_use,3
baseline,b-0669,ready_to_use,3
baseline,b-0670,ready_to_use,3
baseline,b-0671,ready_to_use,3
baseline,b-0672,ready_to_use,3
baseline,b-0673,ready_to_use,3
baseline,b-0674,ready_to_use,3
baseline,b-0675,ready_to_use,3
baseline,b-0676,ready_to_use,3
baseline,b-0677,ready_to_use,3
baseline,b-0678,ready_to_use,3
baseline,b-0679,ready_to_use,3
baseline,b-0680,ready_to_use,3
baseline,b-0681,ready_to_use,3
baseline,b-0682,ready_to_use,3
baseline,b-0683,ready_to_use,3
baseline,b-0684,ready_to_use,3
baseline,b-0685,ready_to_use,3
baseline,b-0686,ready_to_use,3
baseline,b-0687,ready_to_use,3
baseline,b-0688,ready_to_use,3
baseline,b-0689,ready_to_use,3
baseline,b-0690,ready_to_use,3
baseline,b-0691,ready_to_use,3
baseline,b-0692,ready_to_use,3
baseline,b-0693,ready_to_use,3
baseline,b-0694,ready_to_use,3
baseline,b-0695,ready_to_use,3
baseline,b-0696,ready_to_use,3
baseline,b-0697,ready_to_use,3
baseline,b-0698,ready_to_use,3
baseline,b-0699,ready_to_use,3
baseline,b-0700,ready_to_use,3
baseline,b-0701,ready_to_use,3
baseline,b-0702,ready_to_use,3
baseline,b-0703,ready_to_use,3
baseline,b-0704,ready_to_use,3
baseline,b-0705,ready_to_use,3
baseline,b-0706,ready_to_use,3
baseline,b-0707,ready_to_use,3
baseline,b-0708,ready_to_use,3
baseline,b-0709,ready_to_use,3
baseline,b-0710,ready_to_use,3
baseline,b-0711,ready_to_use,3
baseline,b-0712,ready_to_use,3
baseline,b-0713,ready_to_use,3
baseline,b-0714,ready_to_use,3
baseline,b-0715,ready_to_use,3
baseline,b-0716,ready_to_use,3
baseline,b-0717,ready_to_use,3
baseline,b-0718,ready_to_use,3
baseline,b-0719,ready_to_use,3
baseline,b-0720,ready_to_use,3
baseline,b-0721,ready_to_use,3
baseline,b-0722,ready_to_use,3
baseline,b-0723,ready_to_use,3
baseline,b-0724,ready_to_use,3
baseline,b-0725,ready_to_use,3
baseline,b-0726,ready_to_use,3
baseline,b-0727,ready_to_use,3
baseline,b-0728,ready_to_use,3
baseline,b-0729,ready_to_use,3
baseline,b-0730,ready_to_use,3
baseline,b-0731,ready_to_use,3
baseline,b-0732,ready_to_use,3
baseline,b-0733,ready_to_use,3
baseline,b-0734,ready_to_use,3
baseline,b-0735,ready_to_use,3
baseline,b-0736,ready_to_use,3
baseline,b-0737,ready_to_use,3
baseline,b-0738,ready_to_use,3
baseline,b-0739,ready_to_use,3
baseline,b-0740,ready_to_use,3
baseline,b-0741,ready_to_use,3
baseline,b-0742,ready_to_use,3
baseline,b-0743,ready_to_use,3
baseline,b-0744,ready_to_use,3
baseline,b-0745,ready_to_use,3
baseline,b-0746,ready_to_use,3
baseline,b-0747,ready_to_use,3
baseline,b-0748,ready_to_use,3
baseline,b-0749,ready_to_use,3
baseline,b-0750,ready_to_use,3
baseline,b-0751,ready_to_use,3
baseline,b-0752,ready_to_use,3
baseline,b-0753,ready_to_use,3
baseline,b-0754,ready_to_use,3
baseline,b-0755,ready_to_use,3
baseline,b-0756,ready_to_use,3
baseline,b-0757,ready_to_use,3
baseline,b-0758,ready_to_use,3
baseline,b-0759,ready_to_use,3
baseline,b-0760,ready_to_use,3
baseline,b-0761,ready_to_use,3
baseline,b-0762,ready_to_use,3
baseline,b-0763,ready_to_use,3
baseline,b-0764,ready_to_use,3
baseline,b-0765,ready_to_use,3
baseline,b-0766,ready_to_use,3
baseline,b-0767,ready_to_use,3
baseline,b-0768,ready_to_use,3
baseline,b-0769,ready_to_use,3
baseline,b-0770,ready_to_use,3
baseline,b-0771,ready_to_use,3
baseline,b-0772,ready_to_use,3
baseline,b-0773,ready_to_use,3
baseline,b-0774,ready_to_use,3
baseline,b-0775,ready_to_use,3
baseline,b-0776,ready_to_use,3
baseline,b-0777,ready_to_use,3
baseline,b-0778,ready_to_use,3
baseline,b-0779,ready_to_use,3
baseline,b-0780,ready_to_use,3
baseline,b-0781,ready_to_use,3
baseline,b-0782,ready_to_use,3
baseline,b-0783,ready_to_use,3
baseline,b-0784,ready_to_use,3
baseline,b-0785,ready_to_use,3
baseline,b-0786,ready_to_use,3
baseline,b-0787,ready_to_use,3
baseline,b-0788,ready_to_use,3
baseline,b-0789,ready_to_use,3
baseline,b-0790,ready_to_use,3
baseline,b-0791,ready_to_use,3
baseline,b-0792,ready_to_use,3
baseline,b-0793,ready_to_use,3
baseline,b-0794,ready_to_use,3
baseline,b-0795,ready_to_use,3
baseline,b-0796,ready_to_use,3
baseline,b-0797,ready_to_use,3
baseline,b-0798,ready_to_use,3
baseline,b-0799,ready_to_use,3
baseline,b-0800,ready_to_use,3
baseline,b-0801,ready_to_use,3
baseline,b-0802,ready_to_use,3
baseline,b-0803,ready_to_use,3
baseline,b-0804,ready_to_use,3
baseline,b-0805,ready_to_use,3
baseline,b-0806,ready_to_use,3
baseline,b-0807,ready_to_use,3
baseline,b-0808,ready_to_use,3
baseline,b-0809,ready_to_use,3
baseline,b-0810,ready_to_use,3
baseline,b-0811,ready_to_use,3
baseline,b-0812,ready_to_use,3
baseline,b-0813,ready_to_use,3
baseline,b-0814,ready_to_use,3
baseline,b-0815,ready_to_use,3
baseline,b-0816,ready_to_use,3
baseline,b-0817,ready_to_use,3
baseline,b-0818,ready_to_use,3
baseline,b-0819,ready_to_use,3
baseline,b-0820,ready_to_use,3
baseline,b-0821,ready_to_use,3
baseline,b-0822,ready_to_use,3
baseline,b-0823,ready_to_use,3
baseline,b-0824,ready_to_use,3
baseline,b-0825,ready_to_use,3
baseline,b-0826,ready_to_use,3
baseline,b-0827,ready_to_use,3
baseline,b-0828,ready_to_use,3
baseline,b-0829,ready_to_use,3
baseline,b-0830,ready_to_use,3
baseline,b-0831,ready_to_use,3
baseline,b-0832,ready_to_use,3
baseline,b-0833,ready_to_use,3
baseline,b-0834,ready_to_use,3
baseline,b-0835,ready_to_use,3
baseline,b-0836,ready_to_use,3
baseline,b-0837,ready_to_use,3
baseline,b-0838,ready_to_use,3
baseline,b-0839,ready_to_use,3
baseline,b-0840,ready_to_use,3
baseline,b-0841,ready_to_use,3
baseline,b-0842,ready_to_use,3
baseline,b-0843,ready_to_use,3
baseline,b-0844,ready_to_use,3
baseline,b-0845,ready_to_use,3
baseline,b-0846,ready_to_use,3
baseline,b-0847,ready_to_use,3
baseline,b-0848,ready_to_use,3
baseline,b-0849,ready_to_use,3
baseline,b-0850,ready_to_use,3
baseline,b-0851,ready_to_use,3
baseline,b-0852,ready_to_use,3
baseline,b-0853,ready_to_use,3
baseline,b-0854,ready_to_use,3
baseline,b-0855,ready_to_use,3
baseline,b-0856,ready_to_use,3
baseline,b-0857,ready_to_use,3
baseline,b-0858,ready_to_use,3
baseline,b-0859,ready_to_use,3
baseline,b-0860,ready_to_use,3
baseline,b-0861,ready_to_use,3
baseline,b-0862,ready_to_use,3
baseline,b-0863,ready_to_use,3
baseline,b-0864,ready_to_use,3
baseline,b-0865,ready_to_use,3
baseline,b-0866,ready_to_use,3
baseline,b-0867,ready_to_use,3
baseline,b-0868,ready_to_use,3
baseline,b-0869,ready_to_use,3
baseline,b-0870,ready_to_use,3
baseline,b-0871,ready_to_use,3
baseline,b-0872,ready_to_use,3
baseline,b-0873,ready_to_use,3
baseline,b-0874,ready_to_use,3
baseline,b-0875,ready_to_use,3
baseline,b-0876,ready_to_use,3
baseline,b-0877,ready_to_use,3
baseline,b-0878,ready_to_use,3
baseline,b-0879,ready_to_use,3
baseline,b-0880,ready_to_use,3
baseline,b-0881,ready_to_use,3
baseline,b-0882,ready_to_use,3
baseline,b-0883,ready_to_use,3
baseline,b-0884,ready_to_use,3
baseline,b-0885,ready_to_use,3
baseline,b-0886,ready_to_use,3
baseline,b-0887,ready_to_use,3
baseline,b-0888,ready_to_use,3
baseline,b-0889,ready_to_use,3
baseline,b-0890,ready_to_use,3
baseline,b-0891,ready_to_use,3
baseline,b-0892,ready_to_use,3
baseline,b-0893,ready_to_use,3
baseline,b-0894,ready_to_use,3
baseline,b-0895,ready_to_use,3
baseline,b-0896,ready_to_use,3
baseline,b-0897,ready_to_use,3
baseline,b-0898,ready_to_use,3
baseline,b-0899,ready_to_use,3
baseline,b-0900,ready_to_use,3
baseline,b-0901,ready_to_use,3
baseline,b-0902,ready_to_use,3
baseline,b-0903,ready_to_use,3
baseline,b-0904,ready_to_use,3
baseline,b-0905,ready_to_use,3
baseline,b-0906,ready_to_use,3
baseline,b-0907,ready_to_use,3
baseline,b-0908,ready_to_use,3
baseline,b-0909,ready_to_use,3
baseline,b-0910,ready_to_use,3
baseline,b-0911,ready_to_use,3
baseline,b-0912,ready_to_use,3
baseline,b-0913,ready_to_use,3
baseline,b-0914,ready_to_use,3
baseline,b-0915,ready_to_use,3
baseline,b-0916,ready_to_use,3
baseline,b-0917,ready_to_use,3
baseline,b-0918,ready_to_use,3
baseline,b-0919,ready_to_use,3
baseline,b-0920,ready_to_use,3
baseline,b-0921,ready_to_use,3
baseline,b-0922,ready_to_use,3
baseline,b-0923,ready_to_use,3
baseline,b-0924,ready_to_use,3
baseline,b-0925,ready_to_use,3
baseline,b-0926,ready_to_use,3
baseline,b-0927,ready_to_use,3
baseline,b-0928,ready_to_use,3
baseline,b-0929,ready_to_use,3
baseline,b-0930,ready_to_use,3
baseline,b-0931,ready_to_use,3
baseline,b-0932,ready_to_use,3
baseline,b-0933,ready_to_use,3
baseline,b-0934,ready_to_use,3
baseline,b-0935,ready_to_use,3
baseline,b-0936,ready_to_use,3
baseline,b-0937,ready_to_use,3
baseline,b-0938,ready_to_use,3
baseline,b-0939,ready_to_use,3
baseline,b-0940,ready_to_use,3
baseline,b-0941,needs_correction,25
baseline,b-0942,needs_correction,25
baseline,b-0943,needs_correction,25
baseline,b-0944,needs_correction,25
baseline,b-0945,needs_correction,25
baseline,b-0946,needs_correction,25
baseline,b-0947,needs_correction,25
baseline,b-0948,needs_correction,25
baseline,b-0949,needs_correction,25
baseline,b-0950,needs_correction,25
baseline,b-0951,needs_correction,25
baseline,b-0952,needs_correction,25
baseline,b-0953,needs_correction,25
baseline,b-0954,needs_correction,25
baseline,b-0955,needs_correction,25
baseline,b-0956,needs_correction,25
baseline,b-0957,needs_correction,25
baseline,b-0958,needs_correction,25
baseline,b-0959,needs_correction,25
baseline,b-0960,needs_correction,25
baseline,b-0961,needs_correction,25
baseline,b-0962,needs_correction,25
baseline,b-0963,needs_correction,25
baseline,b-0964,needs_correction,25
baseline,b-0965,needs_correction,25
baseline,b-0966,needs_correction,25
baseline,b-0967,needs_correction,25
baseline,b-0968,needs_correction,25
baseline,b-0969,needs_correction,25
baseline,b-0970,needs_correction,25
baseline,b-0971,needs_correction,25
baseline,b-0972,needs_correction,25
baseline,b-0973,needs_correction,25
baseline,b-0974,needs_correction,25
baseline,b-0975,needs_correction,25
baseline,b-0976,needs_correction,25
baseline,b-0977,needs_correction,25
baseline,b-0978,needs_correction,25
baseline,b-0979,needs_correction,25
baseline,b-0980,needs_correction,25
baseline,b-0981,needs_correction,25
baseline,b-0982,needs_correction,25
baseline,b-0983,needs_correction,25
baseline,b-0984,needs_correction,25
baseline,b-0985,needs_correction,25
baseline,b-0986,needs_correction,25
baseline,b-0987,needs_correction,25
baseline,b-0988,needs_correction,25
baseline,b-0989,needs_correction,25
baseline,b-0990,needs_correction,25
baseline,b-0991,needs_escalation,90
baseline,b-0992,needs_escalation,90
baseline,b-0993,needs_escalation,90
baseline,b-0994,needs_escalation,90
baseline,b-0995,needs_escalation,90
baseline,b-0996,needs_escalation,90
baseline,b-0997,needs_escalation,90
baseline,b-0998,needs_escalation,90
baseline,b-0999,needs_escalation,90
baseline,b-1000,needs_escalation,90
proposed,p-0001,ready_to_use,4
proposed,p-0002,ready_to_use,4
proposed,p-0003,ready_to_use,4
proposed,p-0004,ready_to_use,4
proposed,p-0005,ready_to_use,4
proposed,p-0006,ready_to_use,4
proposed,p-0007,ready_to_use,4
proposed,p-0008,ready_to_use,4
proposed,p-0009,ready_to_use,4
proposed,p-0010,ready_to_use,4
proposed,p-0011,ready_to_use,4
proposed,p-0012,ready_to_use,4
proposed,p-0013,ready_to_use,4
proposed,p-0014,ready_to_use,4
proposed,p-0015,ready_to_use,4
proposed,p-0016,ready_to_use,4
proposed,p-0017,ready_to_use,4
proposed,p-0018,ready_to_use,4
proposed,p-0019,ready_to_use,4
proposed,p-0020,ready_to_use,4
proposed,p-0021,ready_to_use,4
proposed,p-0022,ready_to_use,4
proposed,p-0023,ready_to_use,4
proposed,p-0024,ready_to_use,4
proposed,p-0025,ready_to_use,4
proposed,p-0026,ready_to_use,4
proposed,p-0027,ready_to_use,4
proposed,p-0028,ready_to_use,4
proposed,p-0029,ready_to_use,4
proposed,p-0030,ready_to_use,4
proposed,p-0031,ready_to_use,4
proposed,p-0032,ready_to_use,4
proposed,p-0033,ready_to_use,4
proposed,p-0034,ready_to_use,4
proposed,p-0035,ready_to_use,4
proposed,p-0036,ready_to_use,4
proposed,p-0037,ready_to_use,4
proposed,p-0038,ready_to_use,4
proposed,p-0039,ready_to_use,4
proposed,p-0040,ready_to_use,4
proposed,p-0041,ready_to_use,4
proposed,p-0042,ready_to_use,4
proposed,p-0043,ready_to_use,4
proposed,p-0044,ready_to_use,4
proposed,p-0045,ready_to_use,4
proposed,p-0046,ready_to_use,4
proposed,p-0047,ready_to_use,4
proposed,p-0048,ready_to_use,4
proposed,p-0049,ready_to_use,4
proposed,p-0050,ready_to_use,4
proposed,p-0051,ready_to_use,4
proposed,p-0052,ready_to_use,4
proposed,p-0053,ready_to_use,4
proposed,p-0054,ready_to_use,4
proposed,p-0055,ready_to_use,4
proposed,p-0056,ready_to_use,4
proposed,p-0057,ready_to_use,4
proposed,p-0058,ready_to_use,4
proposed,p-0059,ready_to_use,4
proposed,p-0060,ready_to_use,4
proposed,p-0061,ready_to_use,4
proposed,p-0062,ready_to_use,4
proposed,p-0063,ready_to_use,4
proposed,p-0064,ready_to_use,4
proposed,p-0065,ready_to_use,4
proposed,p-0066,ready_to_use,4
proposed,p-0067,ready_to_use,4
proposed,p-0068,ready_to_use,4
proposed,p-0069,ready_to_use,4
proposed,p-0070,ready_to_use,4
proposed,p-0071,ready_to_use,4
proposed,p-0072,ready_to_use,4
proposed,p-0073,ready_to_use,4
proposed,p-0074,ready_to_use,4
proposed,p-0075,ready_to_use,4
proposed,p-0076,ready_to_use,4
proposed,p-0077,ready_to_use,4
proposed,p-0078,ready_to_use,4
proposed,p-0079,ready_to_use,4
proposed,p-0080,ready_to_use,4
proposed,p-0081,ready_to_use,4
proposed,p-0082,ready_to_use,4
proposed,p-0083,ready_to_use,4
proposed,p-0084,ready_to_use,4
proposed,p-0085,ready_to_use,4
proposed,p-0086,ready_to_use,4
proposed,p-0087,ready_to_use,4
proposed,p-0088,ready_to_use,4
proposed,p-0089,ready_to_use,4
proposed,p-0090,ready_to_use,4
proposed,p-0091,ready_to_use,4
proposed,p-0092,ready_to_use,4
proposed,p-0093,ready_to_use,4
proposed,p-0094,ready_to_use,4
proposed,p-0095,ready_to_use,4
proposed,p-0096,ready_to_use,4
proposed,p-0097,ready_to_use,4
proposed,p-0098,ready_to_use,4
proposed,p-0099,ready_to_use,4
proposed,p-0100,ready_to_use,4
proposed,p-0101,ready_to_use,4
proposed,p-0102,ready_to_use,4
proposed,p-0103,ready_to_use,4
proposed,p-0104,ready_to_use,4
proposed,p-0105,ready_to_use,4
proposed,p-0106,ready_to_use,4
proposed,p-0107,ready_to_use,4
proposed,p-0108,ready_to_use,4
proposed,p-0109,ready_to_use,4
proposed,p-0110,ready_to_use,4
proposed,p-0111,ready_to_use,4
proposed,p-0112,ready_to_use,4
proposed,p-0113,ready_to_use,4
proposed,p-0114,ready_to_use,4
proposed,p-0115,ready_to_use,4
proposed,p-0116,ready_to_use,4
proposed,p-0117,ready_to_use,4
proposed,p-0118,ready_to_use,4
proposed,p-0119,ready_to_use,4
proposed,p-0120,ready_to_use,4
proposed,p-0121,ready_to_use,4
proposed,p-0122,ready_to_use,4
proposed,p-0123,ready_to_use,4
proposed,p-0124,ready_to_use,4
proposed,p-0125,ready_to_use,4
proposed,p-0126,ready_to_use,4
proposed,p-0127,ready_to_use,4
proposed,p-0128,ready_to_use,4
proposed,p-0129,ready_to_use,4
proposed,p-0130,ready_to_use,4
proposed,p-0131,ready_to_use,4
proposed,p-0132,ready_to_use,4
proposed,p-0133,ready_to_use,4
proposed,p-0134,ready_to_use,4
proposed,p-0135,ready_to_use,4
proposed,p-0136,ready_to_use,4
proposed,p-0137,ready_to_use,4
proposed,p-0138,ready_to_use,4
proposed,p-0139,ready_to_use,4
proposed,p-0140,ready_to_use,4
proposed,p-0141,ready_to_use,4
proposed,p-0142,ready_to_use,4
proposed,p-0143,ready_to_use,4
proposed,p-0144,ready_to_use,4
proposed,p-0145,ready_to_use,4
proposed,p-0146,ready_to_use,4
proposed,p-0147,ready_to_use,4
proposed,p-0148,ready_to_use,4
proposed,p-0149,ready_to_use,4
proposed,p-0150,ready_to_use,4
proposed,p-0151,ready_to_use,4
proposed,p-0152,ready_to_use,4
proposed,p-0153,ready_to_use,4
proposed,p-0154,ready_to_use,4
proposed,p-0155,ready_to_use,4
proposed,p-0156,ready_to_use,4
proposed,p-0157,ready_to_use,4
proposed,p-0158,ready_to_use,4
proposed,p-0159,ready_to_use,4
proposed,p-0160,ready_to_use,4
proposed,p-0161,ready_to_use,4
proposed,p-0162,ready_to_use,4
proposed,p-0163,ready_to_use,4
proposed,p-0164,ready_to_use,4
proposed,p-0165,ready_to_use,4
proposed,p-0166,ready_to_use,4
proposed,p-0167,ready_to_use,4
proposed,p-0168,ready_to_use,4
proposed,p-0169,ready_to_use,4
proposed,p-0170,ready_to_use,4
proposed,p-0171,ready_to_use,4
proposed,p-0172,ready_to_use,4
proposed,p-0173,ready_to_use,4
proposed,p-0174,ready_to_use,4
proposed,p-0175,ready_to_use,4
proposed,p-0176,ready_to_use,4
proposed,p-0177,ready_to_use,4
proposed,p-0178,ready_to_use,4
proposed,p-0179,ready_to_use,4
proposed,p-0180,ready_to_use,4
proposed,p-0181,ready_to_use,4
proposed,p-0182,ready_to_use,4
proposed,p-0183,ready_to_use,4
proposed,p-0184,ready_to_use,4
proposed,p-0185,ready_to_use,4
proposed,p-0186,ready_to_use,4
proposed,p-0187,ready_to_use,4
proposed,p-0188,ready_to_use,4
proposed,p-0189,ready_to_use,4
proposed,p-0190,ready_to_use,4
proposed,p-0191,ready_to_use,4
proposed,p-0192,ready_to_use,4
proposed,p-0193,ready_to_use,4
proposed,p-0194,ready_to_use,4
proposed,p-0195,ready_to_use,4
proposed,p-0196,ready_to_use,4
proposed,p-0197,ready_to_use,4
proposed,p-0198,ready_to_use,4
proposed,p-0199,ready_to_use,4
proposed,p-0200,ready_to_use,4
proposed,p-0201,ready_to_use,4
proposed,p-0202,ready_to_use,4
proposed,p-0203,ready_to_use,4
proposed,p-0204,ready_to_use,4
proposed,p-0205,ready_to_use,4
proposed,p-0206,ready_to_use,4
proposed,p-0207,ready_to_use,4
proposed,p-0208,ready_to_use,4
proposed,p-0209,ready_to_use,4
proposed,p-0210,ready_to_use,4
proposed,p-0211,ready_to_use,4
proposed,p-0212,ready_to_use,4
proposed,p-0213,ready_to_use,4
proposed,p-0214,ready_to_use,4
proposed,p-0215,ready_to_use,4
proposed,p-0216,ready_to_use,4
proposed,p-0217,ready_to_use,4
proposed,p-0218,ready_to_use,4
proposed,p-0219,ready_to_use,4
proposed,p-0220,ready_to_use,4
proposed,p-0221,ready_to_use,4
proposed,p-0222,ready_to_use,4
proposed,p-0223,ready_to_use,4
proposed,p-0224,ready_to_use,4
proposed,p-0225,ready_to_use,4
proposed,p-0226,ready_to_use,4
proposed,p-0227,ready_to_use,4
proposed,p-0228,ready_to_use,4
proposed,p-0229,ready_to_use,4
proposed,p-0230,ready_to_use,4
proposed,p-0231,ready_to_use,4
proposed,p-0232,ready_to_use,4
proposed,p-0233,ready_to_use,4
proposed,p-0234,ready_to_use,4
proposed,p-0235,ready_to_use,4
proposed,p-0236,ready_to_use,4
proposed,p-0237,ready_to_use,4
proposed,p-0238,ready_to_use,4
proposed,p-0239,ready_to_use,4
proposed,p-0240,ready_to_use,4
proposed,p-0241,ready_to_use,4
proposed,p-0242,ready_to_use,4
proposed,p-0243,ready_to_use,4
proposed,p-0244,ready_to_use,4
proposed,p-0245,ready_to_use,4
proposed,p-0246,ready_to_use,4
proposed,p-0247,ready_to_use,4
proposed,p-0248,ready_to_use,4
proposed,p-0249,ready_to_use,4
proposed,p-0250,ready_to_use,4
proposed,p-0251,ready_to_use,4
proposed,p-0252,ready_to_use,4
proposed,p-0253,ready_to_use,4
proposed,p-0254,ready_to_use,4
proposed,p-0255,ready_to_use,4
proposed,p-0256,ready_to_use,4
proposed,p-0257,ready_to_use,4
proposed,p-0258,ready_to_use,4
proposed,p-0259,ready_to_use,4
proposed,p-0260,ready_to_use,4
proposed,p-0261,ready_to_use,4
proposed,p-0262,ready_to_use,4
proposed,p-0263,ready_to_use,4
proposed,p-0264,ready_to_use,4
proposed,p-0265,ready_to_use,4
proposed,p-0266,ready_to_use,4
proposed,p-0267,ready_to_use,4
proposed,p-0268,ready_to_use,4
proposed,p-0269,ready_to_use,4
proposed,p-0270,ready_to_use,4
proposed,p-0271,ready_to_use,4
proposed,p-0272,ready_to_use,4
proposed,p-0273,ready_to_use,4
proposed,p-0274,ready_to_use,4
proposed,p-0275,ready_to_use,4
proposed,p-0276,ready_to_use,4
proposed,p-0277,ready_to_use,4
proposed,p-0278,ready_to_use,4
proposed,p-0279,ready_to_use,4
proposed,p-0280,ready_to_use,4
proposed,p-0281,ready_to_use,4
proposed,p-0282,ready_to_use,4
proposed,p-0283,ready_to_use,4
proposed,p-0284,ready_to_use,4
proposed,p-0285,ready_to_use,4
proposed,p-0286,ready_to_use,4
proposed,p-0287,ready_to_use,4
proposed,p-0288,ready_to_use,4
proposed,p-0289,ready_to_use,4
proposed,p-0290,ready_to_use,4
proposed,p-0291,ready_to_use,4
proposed,p-0292,ready_to_use,4
proposed,p-0293,ready_to_use,4
proposed,p-0294,ready_to_use,4
proposed,p-0295,ready_to_use,4
proposed,p-0296,ready_to_use,4
proposed,p-0297,ready_to_use,4
proposed,p-0298,ready_to_use,4
proposed,p-0299,ready_to_use,4
proposed,p-0300,ready_to_use,4
proposed,p-0301,ready_to_use,4
proposed,p-0302,ready_to_use,4
proposed,p-0303,ready_to_use,4
proposed,p-0304,ready_to_use,4
proposed,p-0305,ready_to_use,4
proposed,p-0306,ready_to_use,4
proposed,p-0307,ready_to_use,4
proposed,p-0308,ready_to_use,4
proposed,p-0309,ready_to_use,4
proposed,p-0310,ready_to_use,4
proposed,p-0311,ready_to_use,4
proposed,p-0312,ready_to_use,4
proposed,p-0313,ready_to_use,4
proposed,p-0314,ready_to_use,4
proposed,p-0315,ready_to_use,4
proposed,p-0316,ready_to_use,4
proposed,p-0317,ready_to_use,4
proposed,p-0318,ready_to_use,4
proposed,p-0319,ready_to_use,4
proposed,p-0320,ready_to_use,4
proposed,p-0321,ready_to_use,4
proposed,p-0322,ready_to_use,4
proposed,p-0323,ready_to_use,4
proposed,p-0324,ready_to_use,4
proposed,p-0325,ready_to_use,4
proposed,p-0326,ready_to_use,4
proposed,p-0327,ready_to_use,4
proposed,p-0328,ready_to_use,4
proposed,p-0329,ready_to_use,4
proposed,p-0330,ready_to_use,4
proposed,p-0331,ready_to_use,4
proposed,p-0332,ready_to_use,4
proposed,p-0333,ready_to_use,4
proposed,p-0334,ready_to_use,4
proposed,p-0335,ready_to_use,4
proposed,p-0336,ready_to_use,4
proposed,p-0337,ready_to_use,4
proposed,p-0338,ready_to_use,4
proposed,p-0339,ready_to_use,4
proposed,p-0340,ready_to_use,4
proposed,p-0341,ready_to_use,4
proposed,p-0342,ready_to_use,4
proposed,p-0343,ready_to_use,4
proposed,p-0344,ready_to_use,4
proposed,p-0345,ready_to_use,4
proposed,p-0346,ready_to_use,4
proposed,p-0347,ready_to_use,4
proposed,p-0348,ready_to_use,4
proposed,p-0349,ready_to_use,4
proposed,p-0350,ready_to_use,4
proposed,p-0351,ready_to_use,4
proposed,p-0352,ready_to_use,4
proposed,p-0353,ready_to_use,4
proposed,p-0354,ready_to_use,4
proposed,p-0355,ready_to_use,4
proposed,p-0356,ready_to_use,4
proposed,p-0357,ready_to_use,4
proposed,p-0358,ready_to_use,4
proposed,p-0359,ready_to_use,4
proposed,p-0360,ready_to_use,4
proposed,p-0361,ready_to_use,4
proposed,p-0362,ready_to_use,4
proposed,p-0363,ready_to_use,4
proposed,p-0364,ready_to_use,4
proposed,p-0365,ready_to_use,4
proposed,p-0366,ready_to_use,4
proposed,p-0367,ready_to_use,4
proposed,p-0368,ready_to_use,4
proposed,p-0369,ready_to_use,4
proposed,p-0370,ready_to_use,4
proposed,p-0371,ready_to_use,4
proposed,p-0372,ready_to_use,4
proposed,p-0373,ready_to_use,4
proposed,p-0374,ready_to_use,4
proposed,p-0375,ready_to_use,4
proposed,p-0376,ready_to_use,4
proposed,p-0377,ready_to_use,4
proposed,p-0378,ready_to_use,4
proposed,p-0379,ready_to_use,4
proposed,p-0380,ready_to_use,4
proposed,p-0381,ready_to_use,4
proposed,p-0382,ready_to_use,4
proposed,p-0383,ready_to_use,4
proposed,p-0384,ready_to_use,4
proposed,p-0385,ready_to_use,4
proposed,p-0386,ready_to_use,4
proposed,p-0387,ready_to_use,4
proposed,p-0388,ready_to_use,4
proposed,p-0389,ready_to_use,4
proposed,p-0390,ready_to_use,4
proposed,p-0391,ready_to_use,4
proposed,p-0392,ready_to_use,4
proposed,p-0393,ready_to_use,4
proposed,p-0394,ready_to_use,4
proposed,p-0395,ready_to_use,4
proposed,p-0396,ready_to_use,4
proposed,p-0397,ready_to_use,4
proposed,p-0398,ready_to_use,4
proposed,p-0399,ready_to_use,4
proposed,p-0400,ready_to_use,4
proposed,p-0401,ready_to_use,4
proposed,p-0402,ready_to_use,4
proposed,p-0403,ready_to_use,4
proposed,p-0404,ready_to_use,4
proposed,p-0405,ready_to_use,4
proposed,p-0406,ready_to_use,4
proposed,p-0407,ready_to_use,4
proposed,p-0408,ready_to_use,4
proposed,p-0409,ready_to_use,4
proposed,p-0410,ready_to_use,4
proposed,p-0411,ready_to_use,4
proposed,p-0412,ready_to_use,4
proposed,p-0413,ready_to_use,4
proposed,p-0414,ready_to_use,4
proposed,p-0415,ready_to_use,4
proposed,p-0416,ready_to_use,4
proposed,p-0417,ready_to_use,4
proposed,p-0418,ready_to_use,4
proposed,p-0419,ready_to_use,4
proposed,p-0420,ready_to_use,4
proposed,p-0421,ready_to_use,4
proposed,p-0422,ready_to_use,4
proposed,p-0423,ready_to_use,4
proposed,p-0424,ready_to_use,4
proposed,p-0425,ready_to_use,4
proposed,p-0426,ready_to_use,4
proposed,p-0427,ready_to_use,4
proposed,p-0428,ready_to_use,4
proposed,p-0429,ready_to_use,4
proposed,p-0430,ready_to_use,4
proposed,p-0431,ready_to_use,4
proposed,p-0432,ready_to_use,4
proposed,p-0433,ready_to_use,4
proposed,p-0434,ready_to_use,4
proposed,p-0435,ready_to_use,4
proposed,p-0436,ready_to_use,4
proposed,p-0437,ready_to_use,4
proposed,p-0438,ready_to_use,4
proposed,p-0439,ready_to_use,4
proposed,p-0440,ready_to_use,4
proposed,p-0441,ready_to_use,4
proposed,p-0442,ready_to_use,4
proposed,p-0443,ready_to_use,4
proposed,p-0444,ready_to_use,4
proposed,p-0445,ready_to_use,4
proposed,p-0446,ready_to_use,4
proposed,p-0447,ready_to_use,4
proposed,p-0448,ready_to_use,4
proposed,p-0449,ready_to_use,4
proposed,p-0450,ready_to_use,4
proposed,p-0451,ready_to_use,4
proposed,p-0452,ready_to_use,4
proposed,p-0453,ready_to_use,4
proposed,p-0454,ready_to_use,4
proposed,p-0455,ready_to_use,4
proposed,p-0456,ready_to_use,4
proposed,p-0457,ready_to_use,4
proposed,p-0458,ready_to_use,4
proposed,p-0459,ready_to_use,4
proposed,p-0460,ready_to_use,4
proposed,p-0461,ready_to_use,4
proposed,p-0462,ready_to_use,4
proposed,p-0463,ready_to_use,4
proposed,p-0464,ready_to_use,4
proposed,p-0465,ready_to_use,4
proposed,p-0466,ready_to_use,4
proposed,p-0467,ready_to_use,4
proposed,p-0468,ready_to_use,4
proposed,p-0469,ready_to_use,4
proposed,p-0470,ready_to_use,4
proposed,p-0471,ready_to_use,4
proposed,p-0472,ready_to_use,4
proposed,p-0473,ready_to_use,4
proposed,p-0474,ready_to_use,4
proposed,p-0475,ready_to_use,4
proposed,p-0476,ready_to_use,4
proposed,p-0477,ready_to_use,4
proposed,p-0478,ready_to_use,4
proposed,p-0479,ready_to_use,4
proposed,p-0480,ready_to_use,4
proposed,p-0481,ready_to_use,4
proposed,p-0482,ready_to_use,4
proposed,p-0483,ready_to_use,4
proposed,p-0484,ready_to_use,4
proposed,p-0485,ready_to_use,4
proposed,p-0486,ready_to_use,4
proposed,p-0487,ready_to_use,4
proposed,p-0488,ready_to_use,4
proposed,p-0489,ready_to_use,4
proposed,p-0490,ready_to_use,4
proposed,p-0491,ready_to_use,4
proposed,p-0492,ready_to_use,4
proposed,p-0493,ready_to_use,4
proposed,p-0494,ready_to_use,4
proposed,p-0495,ready_to_use,4
proposed,p-0496,ready_to_use,4
proposed,p-0497,ready_to_use,4
proposed,p-0498,ready_to_use,4
proposed,p-0499,ready_to_use,4
proposed,p-0500,ready_to_use,4
proposed,p-0501,ready_to_use,4
proposed,p-0502,ready_to_use,4
proposed,p-0503,ready_to_use,4
proposed,p-0504,ready_to_use,4
proposed,p-0505,ready_to_use,4
proposed,p-0506,ready_to_use,4
proposed,p-0507,ready_to_use,4
proposed,p-0508,ready_to_use,4
proposed,p-0509,ready_to_use,4
proposed,p-0510,ready_to_use,4
proposed,p-0511,ready_to_use,4
proposed,p-0512,ready_to_use,4
proposed,p-0513,ready_to_use,4
proposed,p-0514,ready_to_use,4
proposed,p-0515,ready_to_use,4
proposed,p-0516,ready_to_use,4
proposed,p-0517,ready_to_use,4
proposed,p-0518,ready_to_use,4
proposed,p-0519,ready_to_use,4
proposed,p-0520,ready_to_use,4
proposed,p-0521,ready_to_use,4
proposed,p-0522,ready_to_use,4
proposed,p-0523,ready_to_use,4
proposed,p-0524,ready_to_use,4
proposed,p-0525,ready_to_use,4
proposed,p-0526,ready_to_use,4
proposed,p-0527,ready_to_use,4
proposed,p-0528,ready_to_use,4
proposed,p-0529,ready_to_use,4
proposed,p-0530,ready_to_use,4
proposed,p-0531,ready_to_use,4
proposed,p-0532,ready_to_use,4
proposed,p-0533,ready_to_use,4
proposed,p-0534,ready_to_use,4
proposed,p-0535,ready_to_use,4
proposed,p-0536,ready_to_use,4
proposed,p-0537,ready_to_use,4
proposed,p-0538,ready_to_use,4
proposed,p-0539,ready_to_use,4
proposed,p-0540,ready_to_use,4
proposed,p-0541,ready_to_use,4
proposed,p-0542,ready_to_use,4
proposed,p-0543,ready_to_use,4
proposed,p-0544,ready_to_use,4
proposed,p-0545,ready_to_use,4
proposed,p-0546,ready_to_use,4
proposed,p-0547,ready_to_use,4
proposed,p-0548,ready_to_use,4
proposed,p-0549,ready_to_use,4
proposed,p-0550,ready_to_use,4
proposed,p-0551,ready_to_use,4
proposed,p-0552,ready_to_use,4
proposed,p-0553,ready_to_use,4
proposed,p-0554,ready_to_use,4
proposed,p-0555,ready_to_use,4
proposed,p-0556,ready_to_use,4
proposed,p-0557,ready_to_use,4
proposed,p-0558,ready_to_use,4
proposed,p-0559,ready_to_use,4
proposed,p-0560,ready_to_use,4
proposed,p-0561,ready_to_use,4
proposed,p-0562,ready_to_use,4
proposed,p-0563,ready_to_use,4
proposed,p-0564,ready_to_use,4
proposed,p-0565,ready_to_use,4
proposed,p-0566,ready_to_use,4
proposed,p-0567,ready_to_use,4
proposed,p-0568,ready_to_use,4
proposed,p-0569,ready_to_use,4
proposed,p-0570,ready_to_use,4
proposed,p-0571,ready_to_use,4
proposed,p-0572,ready_to_use,4
proposed,p-0573,ready_to_use,4
proposed,p-0574,ready_to_use,4
proposed,p-0575,ready_to_use,4
proposed,p-0576,ready_to_use,4
proposed,p-0577,ready_to_use,4
proposed,p-0578,ready_to_use,4
proposed,p-0579,ready_to_use,4
proposed,p-0580,ready_to_use,4
proposed,p-0581,ready_to_use,4
proposed,p-0582,ready_to_use,4
proposed,p-0583,ready_to_use,4
proposed,p-0584,ready_to_use,4
proposed,p-0585,ready_to_use,4
proposed,p-0586,ready_to_use,4
proposed,p-0587,ready_to_use,4
proposed,p-0588,ready_to_use,4
proposed,p-0589,ready_to_use,4
proposed,p-0590,ready_to_use,4
proposed,p-0591,ready_to_use,4
proposed,p-0592,ready_to_use,4
proposed,p-0593,ready_to_use,4
proposed,p-0594,ready_to_use,4
proposed,p-0595,ready_to_use,4
proposed,p-0596,ready_to_use,4
proposed,p-0597,ready_to_use,4
proposed,p-0598,ready_to_use,4
proposed,p-0599,ready_to_use,4
proposed,p-0600,ready_to_use,4
proposed,p-0601,ready_to_use,4
proposed,p-0602,ready_to_use,4
proposed,p-0603,ready_to_use,4
proposed,p-0604,ready_to_use,4
proposed,p-0605,ready_to_use,4
proposed,p-0606,ready_to_use,4
proposed,p-0607,ready_to_use,4
proposed,p-0608,ready_to_use,4
proposed,p-0609,ready_to_use,4
proposed,p-0610,ready_to_use,4
proposed,p-0611,ready_to_use,4
proposed,p-0612,ready_to_use,4
proposed,p-0613,ready_to_use,4
proposed,p-0614,ready_to_use,4
proposed,p-0615,ready_to_use,4
proposed,p-0616,ready_to_use,4
proposed,p-0617,ready_to_use,4
proposed,p-0618,ready_to_use,4
proposed,p-0619,ready_to_use,4
proposed,p-0620,ready_to_use,4
proposed,p-0621,ready_to_use,4
proposed,p-0622,ready_to_use,4
proposed,p-0623,ready_to_use,4
proposed,p-0624,ready_to_use,4
proposed,p-0625,ready_to_use,4
proposed,p-0626,ready_to_use,4
proposed,p-0627,ready_to_use,4
proposed,p-0628,ready_to_use,4
proposed,p-0629,ready_to_use,4
proposed,p-0630,ready_to_use,4
proposed,p-0631,ready_to_use,4
proposed,p-0632,ready_to_use,4
proposed,p-0633,ready_to_use,4
proposed,p-0634,ready_to_use,4
proposed,p-0635,ready_to_use,4
proposed,p-0636,ready_to_use,4
proposed,p-0637,ready_to_use,4
proposed,p-0638,ready_to_use,4
proposed,p-0639,ready_to_use,4
proposed,p-0640,ready_to_use,4
proposed,p-0641,ready_to_use,4
proposed,p-0642,ready_to_use,4
proposed,p-0643,ready_to_use,4
proposed,p-0644,ready_to_use,4
proposed,p-0645,ready_to_use,4
proposed,p-0646,ready_to_use,4
proposed,p-0647,ready_to_use,4
proposed,p-0648,ready_to_use,4
proposed,p-0649,ready_to_use,4
proposed,p-0650,ready_to_use,4
proposed,p-0651,ready_to_use,4
proposed,p-0652,ready_to_use,4
proposed,p-0653,ready_to_use,4
proposed,p-0654,ready_to_use,4
proposed,p-0655,ready_to_use,4
proposed,p-0656,ready_to_use,4
proposed,p-0657,ready_to_use,4
proposed,p-0658,ready_to_use,4
proposed,p-0659,ready_to_use,4
proposed,p-0660,ready_to_use,4
proposed,p-0661,ready_to_use,4
proposed,p-0662,ready_to_use,4
proposed,p-0663,ready_to_use,4
proposed,p-0664,ready_to_use,4
proposed,p-0665,ready_to_use,4
proposed,p-0666,ready_to_use,4
proposed,p-0667,ready_to_use,4
proposed,p-0668,ready_to_use,4
proposed,p-0669,ready_to_use,4
proposed,p-0670,ready_to_use,4
proposed,p-0671,ready_to_use,4
proposed,p-0672,ready_to_use,4
proposed,p-0673,ready_to_use,4
proposed,p-0674,ready_to_use,4
proposed,p-0675,ready_to_use,4
proposed,p-0676,ready_to_use,4
proposed,p-0677,ready_to_use,4
proposed,p-0678,ready_to_use,4
proposed,p-0679,ready_to_use,4
proposed,p-0680,ready_to_use,4
proposed,p-0681,ready_to_use,4
proposed,p-0682,ready_to_use,4
proposed,p-0683,ready_to_use,4
proposed,p-0684,ready_to_use,4
proposed,p-0685,ready_to_use,4
proposed,p-0686,ready_to_use,4
proposed,p-0687,ready_to_use,4
proposed,p-0688,ready_to_use,4
proposed,p-0689,ready_to_use,4
proposed,p-0690,ready_to_use,4
proposed,p-0691,ready_to_use,4
proposed,p-0692,ready_to_use,4
proposed,p-0693,ready_to_use,4
proposed,p-0694,ready_to_use,4
proposed,p-0695,ready_to_use,4
proposed,p-0696,ready_to_use,4
proposed,p-0697,ready_to_use,4
proposed,p-0698,ready_to_use,4
proposed,p-0699,ready_to_use,4
proposed,p-0700,ready_to_use,4
proposed,p-0701,ready_to_use,4
proposed,p-0702,ready_to_use,4
proposed,p-0703,ready_to_use,4
proposed,p-0704,ready_to_use,4
proposed,p-0705,ready_to_use,4
proposed,p-0706,ready_to_use,4
proposed,p-0707,ready_to_use,4
proposed,p-0708,ready_to_use,4
proposed,p-0709,ready_to_use,4
proposed,p-0710,ready_to_use,4
proposed,p-0711,ready_to_use,4
proposed,p-0712,ready_to_use,4
proposed,p-0713,ready_to_use,4
proposed,p-0714,ready_to_use,4
proposed,p-0715,ready_to_use,4
proposed,p-0716,ready_to_use,4
proposed,p-0717,ready_to_use,4
proposed,p-0718,ready_to_use,4
proposed,p-0719,ready_to_use,4
proposed,p-0720,ready_to_use,4
proposed,p-0721,ready_to_use,4
proposed,p-0722,ready_to_use,4
proposed,p-0723,ready_to_use,4
proposed,p-0724,ready_to_use,4
proposed,p-0725,ready_to_use,4
proposed,p-0726,ready_to_use,4
proposed,p-0727,ready_to_use,4
proposed,p-0728,ready_to_use,4
proposed,p-0729,ready_to_use,4
proposed,p-0730,ready_to_use,4
proposed,p-0731,ready_to_use,4
proposed,p-0732,ready_to_use,4
proposed,p-0733,ready_to_use,4
proposed,p-0734,ready_to_use,4
proposed,p-0735,ready_to_use,4
proposed,p-0736,ready_to_use,4
proposed,p-0737,ready_to_use,4
proposed,p-0738,ready_to_use,4
proposed,p-0739,ready_to_use,4
proposed,p-0740,ready_to_use,4
proposed,p-0741,ready_to_use,4
proposed,p-0742,ready_to_use,4
proposed,p-0743,ready_to_use,4
proposed,p-0744,ready_to_use,4
proposed,p-0745,ready_to_use,4
proposed,p-0746,ready_to_use,4
proposed,p-0747,ready_to_use,4
proposed,p-0748,ready_to_use,4
proposed,p-0749,ready_to_use,4
proposed,p-0750,ready_to_use,4
proposed,p-0751,needs_correction,60
proposed,p-0752,needs_correction,60
proposed,p-0753,needs_correction,60
proposed,p-0754,needs_correction,60
proposed,p-0755,needs_correction,60
proposed,p-0756,needs_correction,60
proposed,p-0757,needs_correction,60
proposed,p-0758,needs_correction,60
proposed,p-0759,needs_correction,60
proposed,p-0760,needs_correction,60
proposed,p-0761,needs_correction,60
proposed,p-0762,needs_correction,60
proposed,p-0763,needs_correction,60
proposed,p-0764,needs_correction,60
proposed,p-0765,needs_correction,60
proposed,p-0766,needs_correction,60
proposed,p-0767,needs_correction,60
proposed,p-0768,needs_correction,60
proposed,p-0769,needs_correction,60
proposed,p-0770,needs_correction,60
proposed,p-0771,needs_correction,60
proposed,p-0772,needs_correction,60
proposed,p-0773,needs_correction,60
proposed,p-0774,needs_correction,60
proposed,p-0775,needs_correction,60
proposed,p-0776,needs_correction,60
proposed,p-0777,needs_correction,60
proposed,p-0778,needs_correction,60
proposed,p-0779,needs_correction,60
proposed,p-0780,needs_correction,60
proposed,p-0781,needs_correction,60
proposed,p-0782,needs_correction,60
proposed,p-0783,needs_correction,60
proposed,p-0784,needs_correction,60
proposed,p-0785,needs_correction,60
proposed,p-0786,needs_correction,60
proposed,p-0787,needs_correction,60
proposed,p-0788,needs_correction,60
proposed,p-0789,needs_correction,60
proposed,p-0790,needs_correction,60
proposed,p-0791,needs_correction,60
proposed,p-0792,needs_correction,60
proposed,p-0793,needs_correction,60
proposed,p-0794,needs_correction,60
proposed,p-0795,needs_correction,60
proposed,p-0796,needs_correction,60
proposed,p-0797,needs_correction,60
proposed,p-0798,needs_correction,60
proposed,p-0799,needs_correction,60
proposed,p-0800,needs_correction,60
proposed,p-0801,needs_correction,60
proposed,p-0802,needs_correction,60
proposed,p-0803,needs_correction,60
proposed,p-0804,needs_correction,60
proposed,p-0805,needs_correction,60
proposed,p-0806,needs_correction,60
proposed,p-0807,needs_correction,60
proposed,p-0808,needs_correction,60
proposed,p-0809,needs_correction,60
proposed,p-0810,needs_correction,60
proposed,p-0811,needs_correction,60
proposed,p-0812,needs_correction,60
proposed,p-0813,needs_correction,60
proposed,p-0814,needs_correction,60
proposed,p-0815,needs_correction,60
proposed,p-0816,needs_correction,60
proposed,p-0817,needs_correction,60
proposed,p-0818,needs_correction,60
proposed,p-0819,needs_correction,60
proposed,p-0820,needs_correction,60
proposed,p-0821,needs_correction,60
proposed,p-0822,needs_correction,60
proposed,p-0823,needs_correction,60
proposed,p-0824,needs_correction,60
proposed,p-0825,needs_correction,60
proposed,p-0826,needs_correction,60
proposed,p-0827,needs_correction,60
proposed,p-0828,needs_correction,60
proposed,p-0829,needs_correction,60
proposed,p-0830,needs_correction,60
proposed,p-0831,needs_correction,60
proposed,p-0832,needs_correction,60
proposed,p-0833,needs_correction,60
proposed,p-0834,needs_correction,60
proposed,p-0835,needs_correction,60
proposed,p-0836,needs_correction,60
proposed,p-0837,needs_correction,60
proposed,p-0838,needs_correction,60
proposed,p-0839,needs_correction,60
proposed,p-0840,needs_correction,60
proposed,p-0841,needs_correction,60
proposed,p-0842,needs_correction,60
proposed,p-0843,needs_correction,60
proposed,p-0844,needs_correction,60
proposed,p-0845,needs_correction,60
proposed,p-0846,needs_correction,60
proposed,p-0847,needs_correction,60
proposed,p-0848,needs_correction,60
proposed,p-0849,needs_correction,60
proposed,p-0850,needs_correction,60
proposed,p-0851,needs_correction,60
proposed,p-0852,needs_correction,60
proposed,p-0853,needs_correction,60
proposed,p-0854,needs_correction,60
proposed,p-0855,needs_correction,60
proposed,p-0856,needs_correction,60
proposed,p-0857,needs_correction,60
proposed,p-0858,needs_correction,60
proposed,p-0859,needs_correction,60
proposed,p-0860,needs_correction,60
proposed,p-0861,needs_correction,60
proposed,p-0862,needs_correction,60
proposed,p-0863,needs_correction,60
proposed,p-0864,needs_correction,60
proposed,p-0865,needs_correction,60
proposed,p-0866,needs_correction,60
proposed,p-0867,needs_correction,60
proposed,p-0868,needs_correction,60
proposed,p-0869,needs_correction,60
proposed,p-0870,needs_correction,60
proposed,p-0871,needs_correction,60
proposed,p-0872,needs_correction,60
proposed,p-0873,needs_correction,60
proposed,p-0874,needs_correction,60
proposed,p-0875,needs_correction,60
proposed,p-0876,needs_correction,60
proposed,p-0877,needs_correction,60
proposed,p-0878,needs_correction,60
proposed,p-0879,needs_correction,60
proposed,p-0880,needs_correction,60
proposed,p-0881,needs_correction,60
proposed,p-0882,needs_correction,60
proposed,p-0883,needs_correction,60
proposed,p-0884,needs_correction,60
proposed,p-0885,needs_correction,60
proposed,p-0886,needs_correction,60
proposed,p-0887,needs_correction,60
proposed,p-0888,needs_correction,60
proposed,p-0889,needs_correction,60
proposed,p-0890,needs_correction,60
proposed,p-0891,needs_correction,60
proposed,p-0892,needs_correction,60
proposed,p-0893,needs_correction,60
proposed,p-0894,needs_correction,60
proposed,p-0895,needs_correction,60
proposed,p-0896,needs_correction,60
proposed,p-0897,needs_correction,60
proposed,p-0898,needs_correction,60
proposed,p-0899,needs_correction,60
proposed,p-0900,needs_correction,60
proposed,p-0901,needs_correction,60
proposed,p-0902,needs_correction,60
proposed,p-0903,needs_correction,60
proposed,p-0904,needs_correction,60
proposed,p-0905,needs_correction,60
proposed,p-0906,needs_correction,60
proposed,p-0907,needs_correction,60
proposed,p-0908,needs_correction,60
proposed,p-0909,needs_correction,60
proposed,p-0910,needs_correction,60
proposed,p-0911,needs_correction,60
proposed,p-0912,needs_correction,60
proposed,p-0913,needs_correction,60
proposed,p-0914,needs_correction,60
proposed,p-0915,needs_correction,60
proposed,p-0916,needs_correction,60
proposed,p-0917,needs_correction,60
proposed,p-0918,needs_correction,60
proposed,p-0919,needs_correction,60
proposed,p-0920,needs_correction,60
proposed,p-0921,needs_correction,60
proposed,p-0922,needs_correction,60
proposed,p-0923,needs_correction,60
proposed,p-0924,needs_correction,60
proposed,p-0925,needs_correction,60
proposed,p-0926,needs_correction,60
proposed,p-0927,needs_correction,60
proposed,p-0928,needs_correction,60
proposed,p-0929,needs_correction,60
proposed,p-0930,needs_correction,60
proposed,p-0931,needs_escalation,180
proposed,p-0932,needs_escalation,180
proposed,p-0933,needs_escalation,180
proposed,p-0934,needs_escalation,180
proposed,p-0935,needs_escalation,180
proposed,p-0936,needs_escalation,180
proposed,p-0937,needs_escalation,180
proposed,p-0938,needs_escalation,180
proposed,p-0939,needs_escalation,180
proposed,p-0940,needs_escalation,180
proposed,p-0941,needs_escalation,180
proposed,p-0942,needs_escalation,180
proposed,p-0943,needs_escalation,180
proposed,p-0944,needs_escalation,180
proposed,p-0945,needs_escalation,180
proposed,p-0946,needs_escalation,180
proposed,p-0947,needs_escalation,180
proposed,p-0948,needs_escalation,180
proposed,p-0949,needs_escalation,180
proposed,p-0950,needs_escalation,180
proposed,p-0951,needs_escalation,180
proposed,p-0952,needs_escalation,180
proposed,p-0953,needs_escalation,180
proposed,p-0954,needs_escalation,180
proposed,p-0955,needs_escalation,180
proposed,p-0956,needs_escalation,180
proposed,p-0957,needs_escalation,180
proposed,p-0958,needs_escalation,180
proposed,p-0959,needs_escalation,180
proposed,p-0960,needs_escalation,180
proposed,p-0961,needs_escalation,180
proposed,p-0962,needs_escalation,180
proposed,p-0963,needs_escalation,180
proposed,p-0964,needs_escalation,180
proposed,p-0965,needs_escalation,180
proposed,p-0966,needs_escalation,180
proposed,p-0967,needs_escalation,180
proposed,p-0968,needs_escalation,180
proposed,p-0969,needs_escalation,180
proposed,p-0970,needs_escalation,180
proposed,p-0971,needs_escalation,180
proposed,p-0972,needs_escalation,180
proposed,p-0973,needs_escalation,180
proposed,p-0974,needs_escalation,180
proposed,p-0975,needs_escalation,180
proposed,p-0976,needs_escalation,180
proposed,p-0977,needs_escalation,180
proposed,p-0978,needs_escalation,180
proposed,p-0979,needs_escalation,180
proposed,p-0980,needs_escalation,180
proposed,p-0981,needs_escalation,180
proposed,p-0982,needs_escalation,180
proposed,p-0983,needs_escalation,180
proposed,p-0984,needs_escalation,180
proposed,p-0985,needs_escalation,180
proposed,p-0986,needs_escalation,180
proposed,p-0987,needs_escalation,180
proposed,p-0988,needs_escalation,180
proposed,p-0989,needs_escalation,180
proposed,p-0990,needs_escalation,180
proposed,p-0991,needs_escalation,180
proposed,p-0992,needs_escalation,180
proposed,p-0993,needs_escalation,180
proposed,p-0994,needs_escalation,180
proposed,p-0995,needs_escalation,180
proposed,p-0996,needs_escalation,180
proposed,p-0997,needs_escalation,180
proposed,p-0998,needs_escalation,180
proposed,p-0999,needs_escalation,180
proposed,p-1000,needs_escalation,180
